Province;Municipality_code;Municipality_name;Total
BARCELONA;8001;ABRERA;516
BARCELONA;8002;AGUILAR DE SEGARRA;10
BARCELONA;8014;AIGUAFREDA;104
BARCELONA;8003;ALELLA;252
BARCELONA;8004;ALPENS;8
BARCELONA;8005;AMETLLA DEL VALLES, L';268
BARCELONA;8006;ARENYS DE MAR;770
BARCELONA;8007;ARENYS DE MUNT;406
BARCELONA;8008;ARGENsOLA;7
BARCELONA;8009;ARGENTONA;546
BARCELONA;8010;ARTES;253
BARCELONA;8011;AVIA;65
BARCELONA;8012;AVINYO;82
BARCELONA;8013;AVINYONET DEL PENEDES;74
BARCELONA;8015;BADALONA;13603
BARCELONA;8904;BADIA DEL VALLES;1115
BARCELONA;8016;BAGA;87
BARCELONA;8017;BALENYA;202
BARCELONA;8018;BALSARENY;138
BARCELONA;8252;BARBERA DEL VALLES;1680
BARCELONA;8019;BARCELONA;69047
BARCELONA;8020;BEGUES;222
BARCELONA;8021;BELLPRAT; 
BARCELONA;8022;BERGA;879
BARCELONA;8023;BIGUES I RIELLS;425
BARCELONA;8024;BORREDA;17
BARCELONA;8025;BRUC, EL;72
BARCELONA;8026;BRULL, EL;4
BARCELONA;8027;CABANYES, LES;26
BARCELONA;8028;CABRERA D'ANOIA;114
BARCELONA;8029;CABRERA DE MAR;129
BARCELONA;8030;CABRILS;241
BARCELONA;8031;CALAF;190
BARCELONA;8034;CALDERS;26
BARCELONA;8033;CALDES DE MONTBUI;842
BARCELONA;8032;CALDES D'ESTRAC;154
BARCELONA;8035;CALELLA;1295
BARCELONA;8037;CALLDETENES;72
BARCELONA;8038;CALLUS;95
BARCELONA;8036;CALONGE DE SEGARRA;6
BARCELONA;8039;CAMPINS;19
BARCELONA;8040;CANET DE MAR;771
BARCELONA;8041;CANOVELLES;1254
BARCELONA;8042;CANOVES I SAMALUS;134
BARCELONA;8043;CANYELLES;266
BARCELONA;8044;CAPELLADES;278
BARCELONA;8045;CAPOLAT;1
BARCELONA;8046;CARDEDEU;845
BARCELONA;8047;CARDONA;193
BARCELONA;8048;CARME;44
BARCELONA;8049;CASSERRES;64
BARCELONA;8050;CASTELLAR DEL RIU;3
BARCELONA;8051;CASTELLAR DEL VALLES;971
BARCELONA;8052;CASTELLAR DE N'HUG;6
BARCELONA;8053;CASTELLBELL I EL VILAR;195
BARCELONA;8054;CASTELLBISBAL;554
BARCELONA;8055;CASTELLCIR;29
BARCELONA;8056;CASTELLDEFELS;2700
BARCELONA;8057;CASTELL DE L'ARENY; 
BARCELONA;8058;CASTELLET I LA GORNAL;115
BARCELONA;8059;CASTELLFOLLIT DEL BOIX;12
BARCELONA;8060;CASTELLFOLLIT DE RIUBREGOS;7
BARCELONA;8061;CASTELLGALI;95
BARCELONA;8062;CASTELLNOU DE BAGES;43
BARCELONA;8063;CASTELLOLI;16
BARCELONA;8064;CASTELLTERsOL;91
BARCELONA;8065;CASTELLVI DE LA MARCA;62
BARCELONA;8066;CASTELLVI DE ROSANES;69
BARCELONA;8067;CENTELLES;328
BARCELONA;8268;CERCS;63
BARCELONA;8266;CERDANYOLA DEL VALLES;2581
BARCELONA;8068;CERVELLO;399
BARCELONA;8069;COLLBATO;165
BARCELONA;8070;COLLSUSPINA;10
BARCELONA;8071;COPONS;10
BARCELONA;8072;CORBERA DE LLOBREGAT;571
BARCELONA;8073;CORNELLA DE LLOBREGAT;4486
BARCELONA;8074;CUBELLES;878
BARCELONA;8075;DOSRIUS;269
BARCELONA;8076;ESPARREGUERA;1290
BARCELONA;8077;ESPLUGUES DE LLOBREGAT;1964
BARCELONA;8078;ESPUNYOLA, L';9
BARCELONA;8254;ESQUIROL, L';68
BARCELONA;8079;ESTANY, L';13
BARCELONA;8134;FIGARO-MONTMANY;47
BARCELONA;8080;FIGOLS;1
BARCELONA;8082;FOGARS DE LA SELVA;95
BARCELONA;8081;FOGARS DE MONTCLUS;18
BARCELONA;8083;FOLGUEROLES;52
BARCELONA;8084;FONOLLOSA;64
BARCELONA;8085;FONT-RUBI;51
BARCELONA;8086;FRANQUESES DEL VALLES, LES;1079
BARCELONA;8090;GAIA;7
BARCELONA;8087;GALLIFA;6
BARCELONA;8088;GARRIGA, LA;635
BARCELONA;8089;GAVA;2138
BARCELONA;8091;GELIDA;402
BARCELONA;8092;GIRONELLA;227
BARCELONA;8093;GISCLARENY;4
BARCELONA;8094;GRANADA, LA;80
BARCELONA;8095;GRANERA;3
BARCELONA;8096;GRANOLLERS;3563
BARCELONA;8097;GUALBA;75
BARCELONA;8099;GUARDIOLA DE BERGUEDA;51
BARCELONA;8100;GURB;46
BARCELONA;8101;HOSPITALET DE LLOBREGAT, L';13921
BARCELONA;8162;HOSTALETS DE PIEROLA, ELS;170
BARCELONA;8102;IGUALADA;2176
BARCELONA;8103;JORBA;39
BARCELONA;8104;LLACUNA, LA;41
BARCELONA;8105;LLAGOSTA, LA;848
BARCELONA;8107;LLIsA D'AMUNT;732
BARCELONA;8108;LLIsA DE VALL;273
BARCELONA;8106;LLINARS DEL VALLES;509
BARCELONA;8109;LLUsA;6
BARCELONA;8110;MALGRAT DE MAR;1159
BARCELONA;8111;MALLA;4
BARCELONA;8112;MANLLEU;1377
BARCELONA;8113;MANRESA;4934
BARCELONA;8242;MARGANELL;13
BARCELONA;8114;MARTORELL;1646
BARCELONA;8115;MARTORELLES;270
BARCELONA;8116;MASIES DE RODA, LES;25
BARCELONA;8117;MASIES DE VOLTREGA, LES;118
BARCELONA;8118;MASNOU, EL;1021
BARCELONA;8119;MASQUEFA;515
BARCELONA;8120;MATADEPERA;192
BARCELONA;8121;MATARO;8474
BARCELONA;8122;MEDIONA;125
BARCELONA;8138;MOIA;238
BARCELONA;8123;MOLINS DE REI;996
BARCELONA;8124;MOLLET DEL VALLES;3212
BARCELONA;8128;MONISTROL DE CALDERS;37
BARCELONA;8127;MONISTROL DE MONTSERRAT;158
BARCELONA;8125;MONTCADA I REIXAC;2177
BARCELONA;8130;MONTCLAR;3
BARCELONA;8131;MONTESQUIU;48
BARCELONA;8126;MONTGAT;528
BARCELONA;8132;MONTMAJOR;9
BARCELONA;8133;MONTMANEU;3
BARCELONA;8135;MONTMELO;446
BARCELONA;8136;MONTORNES DEL VALLES;1057
BARCELONA;8137;MONTSENY;12
BARCELONA;8129;MUNTANYOLA;30
BARCELONA;8139;MURA;6
BARCELONA;8140;NAVARCLES;252
BARCELONA;8141;NAVAS;309
BARCELONA;8142;NOU DE BERGUEDA, LA;3
BARCELONA;8143;ODENA;225
BARCELONA;8145;OLERDOLA;197
BARCELONA;8146;OLESA DE BONESVALLS;58
BARCELONA;8147;OLESA DE MONTSERRAT;1271
BARCELONA;8148;OLIVELLA;228
BARCELONA;8149;OLOST;46
BARCELONA;8144;OLVAN;32
BARCELONA;8150;ORIS;5
BARCELONA;8151;ORISTA;13
BARCELONA;8152;ORPI;5
BARCELONA;8153;ORRIUS;26
BARCELONA;8154;PACS DEL PENEDES;45
BARCELONA;8155;PALAFOLLS;601
BARCELONA;8156;PALAU-SOLITA I PLEGAMANS;619
BARCELONA;8157;PALLEJA;442
BARCELONA;8905;PALMA DE CERVELLO, LA;160
BARCELONA;8158;PAPIOL, EL;188
BARCELONA;8159;PARETS DEL VALLES;869
BARCELONA;8160;PERAFITA;17
BARCELONA;8161;PIERA;1016
BARCELONA;8163;PINEDA DE MAR;2246
BARCELONA;8164;PLA DEL PENEDES, EL;64
BARCELONA;8165;POBLA DE CLARAMUNT, LA;121
BARCELONA;8166;POBLA DE LILLET, LA;43
BARCELONA;8167;POLINYA;381
BARCELONA;8182;PONT DE VILOMARA I ROCAFORT, EL;258
BARCELONA;8168;PONTONS;38
BARCELONA;8169;PRAT DE LLOBREGAT, EL;3315
BARCELONA;8171;PRATS DE LLUsANES;100
BARCELONA;8170;PRATS DE REI, ELS;15
BARCELONA;8230;PREMIA DE DALT;429
BARCELONA;8172;PREMIA DE MAR;1540
BARCELONA;8174;PUIGDALBER;24
BARCELONA;8175;PUIG-REIG;172
BARCELONA;8176;PUJALT;5
BARCELONA;8177;QUAR, LA;2
BARCELONA;8178;RAJADELL;13
BARCELONA;8179;RELLINARS;41
BARCELONA;8180;RIPOLLET;2467
BARCELONA;8181;ROCA DEL VALLES, LA;479
BARCELONA;8183;RODA DE TER;310
BARCELONA;8184;RUBI;4683
BARCELONA;8185;RUBIO;8
BARCELONA;8901;RUPIT I PRUIT;4
BARCELONA;8187;SABADELL;12224
BARCELONA;8188;SAGAS;1
BARCELONA;8190;SALDES;8
BARCELONA;8191;SALLENT;305
BARCELONA;8243;SANTA CECILIA DE VOLTREGA;3
BARCELONA;8244;SANTA COLOMA DE CERVELLO;293
BARCELONA;8245;SANTA COLOMA DE GRAMENET;7634
BARCELONA;8194;SANT ADRIA DE BESOS;2681
BARCELONA;8246;SANTA EUGENIA DE BERGA;84
BARCELONA;8247;SANTA EULALIA DE RIUPRIMER;37
BARCELONA;8248;SANTA EULALIA DE RONsANA;308
BARCELONA;8249;SANTA FE DEL PENEDES;14
BARCELONA;8195;SANT AGUSTI DE LLUsANES;3
BARCELONA;8250;SANTA MARGARIDA DE MONTBUI;769
BARCELONA;8251;SANTA MARGARIDA I ELS MONJOS;435
BARCELONA;8253;SANTA MARIA DE BESORA;4
BARCELONA;8256;SANTA MARIA DE MARTORELLES;37
BARCELONA;8255;SANTA MARIA DE MERLES;7
BARCELONA;8257;SANTA MARIA DE MIRALLES;6
BARCELONA;8259;SANTA MARIA DE PALAUTORDERA;502
BARCELONA;8258;SANTA MARIA D'OLO;19
BARCELONA;8196;SANT ANDREU DE LA BARCA;1366
BARCELONA;8197;SANT ANDREU DE LLAVANERES;404
BARCELONA;8198;SANT ANTONI DE VILAMAJOR;303
BARCELONA;8260;SANTA PERPETUA DE MOGODA;1438
BARCELONA;8261;SANTA SUSANNA;201
BARCELONA;8199;SANT BARTOMEU DEL GRAU;51
BARCELONA;8200;SANT BOI DE LLOBREGAT;4540
BARCELONA;8201;SANT BOI DE LLUsANES;15
BARCELONA;8203;SANT CEBRIA DE VALLALTA;208
BARCELONA;8202;SANT CELONI;989
BARCELONA;8204;SANT CLIMENT DE LLOBREGAT;145
BARCELONA;8205;SANT CUGAT DEL VALLES;2639
BARCELONA;8206;SANT CUGAT SESGARRIGUES;27
BARCELONA;8207;SANT ESTEVE DE PALAUTORDERA;108
BARCELONA;8208;SANT ESTEVE SESROVIRES;246
BARCELONA;8210;SANT FELIU DE CODINES;327
BARCELONA;8211;SANT FELIU DE LLOBREGAT;1889
BARCELONA;8212;SANT FELIU SASSERRA;16
BARCELONA;8209;SANT FOST DE CAMPSENTELLES;362
BARCELONA;8213;SANT FRUITOS DE BAGES;360
BARCELONA;8215;SANT HIPOLIT DE VOLTREGA;124
BARCELONA;8193;SANT ISCLE DE VALLALTA;66
BARCELONA;8216;SANT JAUME DE FRONTANYA; 
BARCELONA;8217;SANT JOAN DESPI;1363
BARCELONA;8218;SANT JOAN DE VILATORRADA;449
BARCELONA;8903;SANT JULIA DE CERDANYOLA;3
BARCELONA;8220;SANT JULIA DE VILATORTA;76
BARCELONA;8221;SANT JUST DESVERN;471
BARCELONA;8222;SANT LLORENs D'HORTONS;97
BARCELONA;8223;SANT LLORENs SAVALL;103
BARCELONA;8225;SANT MARTI D'ALBARS;5
BARCELONA;8224;SANT MARTI DE CENTELLES;75
BARCELONA;8226;SANT MARTI DE TOUS;38
BARCELONA;8227;SANT MARTI SARROCA;153
BARCELONA;8228;SANT MARTI SESGUEIOLES;8
BARCELONA;8229;SANT MATEU DE BAGES;17
BARCELONA;8192;SANTPEDOR;277
BARCELONA;8231;SANT PERE DE RIBES;1847
BARCELONA;8232;SANT PERE DE RIUDEBITLLES;105
BARCELONA;8233;SANT PERE DE TORELLO;100
BARCELONA;8234;SANT PERE DE VILAMAJOR;221
BARCELONA;8189;SANT PERE SALLAVINERA;1
BARCELONA;8235;SANT POL DE MAR;212
BARCELONA;8236;SANT QUINTI DE MEDIONA;122
BARCELONA;8237;SANT QUIRZE DE BESORA;90
BARCELONA;8238;SANT QUIRZE DEL VALLES;663
BARCELONA;8239;SANT QUIRZE SAFAJA;21
BARCELONA;8240;SANT SADURNI D'ANOIA;490
BARCELONA;8241;SANT SADURNI D'OSORMORT;4
BARCELONA;8098;SANT SALVADOR DE GUARDIOLA;145
BARCELONA;8262;SANT VICENs DE CASTELLET;610
BARCELONA;8263;SANT VICENs DELS HORTS;1743
BARCELONA;8264;SANT VICENs DE MONTALT;222
BARCELONA;8265;SANT VICENs DE TORELLO;81
BARCELONA;8267;SENTMENAT;395
BARCELONA;8269;SEVA;144
BARCELONA;8270;SITGES;1072
BARCELONA;8271;SOBREMUNT;1
BARCELONA;8272;SORA;7
BARCELONA;8273;SUBIRATS;102
BARCELONA;8274;SURIA;286
BARCELONA;8276;TAGAMANENT;15
BARCELONA;8277;TALAMANCA;11
BARCELONA;8278;TARADELL;237
BARCELONA;8275;TAVERNOLES;6
BARCELONA;8280;TAVERTET;1
BARCELONA;8281;TEIA;189
BARCELONA;8279;TERRASSA;13919
BARCELONA;8282;TIANA;240
BARCELONA;8283;TONA;350
BARCELONA;8284;TORDERA;1156
BARCELONA;8285;TORELLO;706
BARCELONA;8286;TORRE DE CLARAMUNT, LA;233
BARCELONA;8287;TORRELAVIT;45
BARCELONA;8288;TORRELLES DE FOIX;172
BARCELONA;8289;TORRELLES DE LLOBREGAT;231
BARCELONA;8290;ULLASTRELL;71
BARCELONA;8291;VACARISSES;297
BARCELONA;8292;VALLBONA D'ANOIA;72
BARCELONA;8293;VALLCEBRE;10
BARCELONA;8294;VALLGORGUINA;142
BARCELONA;8295;VALLIRANA;744
BARCELONA;8296;VALLROMANES;111
BARCELONA;8297;VECIANA;2
BARCELONA;8298;VIC;2408
BARCELONA;8299;VILADA;16
BARCELONA;8301;VILADECANS;3348
BARCELONA;8300;VILADECAVALLS;317
BARCELONA;8305;VILAFRANCA DEL PENEDES;2192
BARCELONA;8306;VILALBA SASSERRA;42
BARCELONA;8302;VILANOVA DEL CAMI;965
BARCELONA;8902;VILANOVA DEL VALLES;195
BARCELONA;8303;VILANOVA DE SAU;11
BARCELONA;8307;VILANOVA I LA GELTRU;4141
BARCELONA;8214;VILASSAR DE DALT;348
BARCELONA;8219;VILASSAR DE MAR;778
BARCELONA;8304;VILOBI DEL PENEDES;32
BARCELONA;8308;VIVER I SERRATEIX;2
Girona;17001;AGULLANA;26
Girona;17002;AIGUAVIVA;12
Girona;17003;ALBANYA;8
Girona;17004;ALBONS;33
Girona;17006;ALP;34
Girona;17007;AMER;86
Girona;17008;ANGLES;250
Girona;17009;ARBUCIES;287
Girona;17010;ARGELAGUER;19
Girona;17011;ARMENTERA, L';42
Girona;17012;AVINYONET DE PUIGVENTOS;48
Girona;17015;BANYOLES;780
Girona;17016;BASCARA;41
Girona;17013;BEGUR;140
Girona;17018;BELLCAIRE D'EMPORDA;23
Girona;17019;BESALU;65
Girona;17020;BESCANO;145
Girona;17021;BEUDA;9
Girona;17022;BISBAL D'EMPORDA, LA;633
Girona;17234;BIURE;12
Girona;17023;BLANES;2820
Girona;17029;BOADELLA I LES ESCAULES;10
Girona;17024;BOLVIR;6
Girona;17025;BORDILS;73
Girona;17026;BORRASSA;22
Girona;17027;BREDA;180
Girona;17028;BRUNYOLA;7
Girona;17031;CABANELLES;14
Girona;17030;CABANES;52
Girona;17032;CADAQUES;87
Girona;17033;CALDES DE MALAVELLA;360
Girona;17034;CALONGE;563
Girona;17035;CAMOS;23
Girona;17036;CAMPDEVANOL;106
Girona;17037;CAMPELLES; 
Girona;17038;CAMPLLONG;11
Girona;17039;CAMPRODON;57
Girona;17040;CANET D'ADRI;21
Girona;17041;CANTALLOPS;9
Girona;17042;CAPMANY;23
Girona;17044;CASSA DE LA SELVA;431
Girona;17046;CASTELLFOLLIT DE LA ROCA;36
Girona;17047;CASTELLO D'EMPURIES;657
Girona;17048;CASTELL-PLATJA D'ARO;467
Girona;17189;CELLERA DE TER, LA;53
Girona;17049;CELRA;183
Girona;17050;CERVIA DE TER;29
Girona;17051;CISTELLA;7
Girona;17054;COLERA;19
Girona;17055;COLOMERS;6
Girona;17057;CORsA;40
Girona;17056;CORNELLA DEL TERRI;53
Girona;17058;CRESPIA;10
Girona;17901;CRUILLES, MONELLS I SANT SADURNI DE L'HE;49
Girona;17060;DARNIUS;14
Girona;17061;DAS; 
Girona;17062;ESCALA, L';480
Girona;17063;ESPINELVES;1
Girona;17064;ESPOLLA;9
Girona;17065;ESPONELLA;8
Girona;17005;FAR D'EMPORDA, EL;17
Girona;17066;FIGUERES;3368
Girona;17067;FLAsA;26
Girona;17068;FOIXA;7
Girona;17069;FONTANALS DE CERDANYA;6
Girona;17070;FONTANILLES;3
Girona;17071;FONTCOBERTA;41
Girona;17902;FORALLAC;50
Girona;17073;FORNELLS DE LA SELVA;74
Girona;17074;FORTIA;31
Girona;17075;GARRIGAS;18
Girona;17076;GARRIGOLES;5
Girona;17077;GARRIGUELLA;30
Girona;17078;GER;4
Girona;17079;GIRONA;5073
Girona;17080;GOMBREN;6
Girona;17081;GUALTA;17
Girona;17082;GUILS DE CERDANYA;6
Girona;17083;HOSTALRIC;215
Girona;17084;ISOVOL;1
Girona;17085;JAFRE;12
Girona;17086;JONQUERA, LA;203
Girona;17087;JUIA;6
Girona;17088;LLADO;19
Girona;17089;LLAGOSTERA;426
Girona;17090;LLAMBILLES;10
Girona;17091;LLANARS;11
Girona;17092;LLANsA;241
Girona;17093;LLERS;54
Girona;17094;LLIVIA;34
Girona;17095;LLORET DE MAR;2197
Girona;17096;LLOSSES, LES;8
Girona;17102;MAsANET DE CABRENYS;28
Girona;17103;MAsANET DE LA SELVA;499
Girona;17097;MADREMANYA;4
Girona;17098;MAIA DE MONTCAL;16
Girona;17100;MASARAC;10
Girona;17101;MASSANES;56
Girona;17099;MERANGES;3
Girona;17105;MIERES;15
Girona;17106;MOLLET DE PERALADA;9
Girona;17107;MOLLO;3
Girona;17109;MONTAGUT I OIX;35
Girona;17110;MONT-RAS;73
Girona;17111;NAVATA;43
Girona;17112;OGASSA;12
Girona;17114;OLOT;1445
Girona;17115;ORDIS;8
Girona;17116;OSOR;22
Girona;17117;PALAFRUGELL;1251
Girona;17118;PALAMOS;983
Girona;17119;PALAU DE SANTA EULALIA;4
Girona;17121;PALAU-SATOR;8
Girona;17120;PALAU-SAVERDERA;46
Girona;17123;PALOL DE REVARDIT;13
Girona;17124;PALS;75
Girona;17125;PARDINES; 
Girona;17126;PARLAVA;12
Girona;17128;PAU;15
Girona;17129;PEDRET I MARZA;9
Girona;17130;PERA, LA;11
Girona;17132;PERALADA;56
Girona;17133;PLANES D'HOSTOLES, LES;58
Girona;17134;PLANOLES;8
Girona;17135;PONT DE MOLINS;17
Girona;17136;PONTOS;8
Girona;17137;PORQUERES;107
Girona;17138;PORTBOU;40
Girona;17140;PORT DE LA SELVA, EL;33
Girona;17139;PRESES, LES;47
Girona;17141;PUIGCERDA;260
Girona;17142;QUART;114
Girona;17043;QUERALBS;4
Girona;17143;RABOS; 
Girona;17144;REGENCOS;7
Girona;17145;RIBES DE FRESER;56
Girona;17146;RIELLS I VIABREA;281
Girona;17147;RIPOLL;427
Girona;17148;RIUDARENES;104
Girona;17149;RIUDAURA;10
Girona;17150;RIUDELLOTS DE LA SELVA;67
Girona;17151;RIUMORS;8
Girona;17152;ROSES;1088
Girona;17153;RUPIA;9
Girona;17154;SALES DE LLIERCA;9
Girona;17155;SALT;2207
Girona;17180;SANTA COLOMA DE FARNERS;584
Girona;17181;SANTA CRISTINA D'ARO;217
Girona;17182;SANTA LLOGAIA D'ALGUEMA;23
Girona;17157;SANT ANDREU SALOU;1
Girona;17183;SANT ANIOL DE FINESTRES;12
Girona;17184;SANTA PAU;50
Girona;17158;SANT CLIMENT SESCEBES;17
Girona;17159;SANT FELIU DE BUIXALLEU;44
Girona;17160;SANT FELIU DE GUIXOLS;1305
Girona;17161;SANT FELIU DE PALLEROLS;40
Girona;17162;SANT FERRIOL;13
Girona;17163;SANT GREGORI;80
Girona;17164;SANT HILARI SACALM;215
Girona;17165;SANT JAUME DE LLIERCA;34
Girona;17167;SANT JOAN DE LES ABADESSES;97
Girona;17168;SANT JOAN DE MOLLET;13
Girona;17185;SANT JOAN LES FONTS;83
Girona;17166;SANT JORDI DESVALLS;26
Girona;17903;SANT JULIA DEL LLOR I BONMATI;68
Girona;17169;SANT JULIA DE RAMIS;118
Girona;17171;SANT LLORENs DE LA MUGA;8
Girona;17172;SANT MARTI DE LLEMENA;23
Girona;17173;SANT MARTI VELL;17
Girona;17174;SANT MIQUEL DE CAMPMAJOR;6
Girona;17175;SANT MIQUEL DE FLUVIA;60
Girona;17176;SANT MORI;12
Girona;17177;SANT PAU DE SEGURIES;16
Girona;17178;SANT PERE PESCADOR;121
Girona;17186;SARRIA DE TER;167
Girona;17187;SAUS;28
Girona;17188;SELVA DE MAR, LA;10
Girona;17190;SERINYA;35
Girona;17191;SERRA DE DARO;1
Girona;17192;SETCASES;1
Girona;17193;SILS;317
Girona;17052;SIURANA;1
Girona;17194;SUSQUEDA;1
Girona;17195;TALLADA D'EMPORDA, LA;10
Girona;17196;TERRADES;13
Girona;17197;TORRENT;4
Girona;17198;TORROELLA DE FLUVIA;32
Girona;17199;TORROELLA DE MONTGRI;546
Girona;17200;TORTELLA;19
Girona;17201;TOSES;1
Girona;17202;TOSSA DE MAR;253
Girona;17204;ULLA;57
Girona;17205;ULLASTRET;8
Girona;17203;ULTRAMORT;2
Girona;17206;URUS;1
Girona;17014;VAJOL, LA;14
Girona;17208;VALL DE BIANYA, LA;33
Girona;17207;VALL D'EN BAS, LA;55
Girona;17170;VALLFOGONA DE RIPOLLES;9
Girona;17209;VALL-LLOBREGA;42
Girona;17210;VENTALLO;29
Girona;17211;VERGES;44
Girona;17212;VIDRA;4
Girona;17213;VIDRERES;368
Girona;17214;VILABERTRAN;46
Girona;17215;VILABLAREIX;69
Girona;17217;VILADAMAT;10
Girona;17216;VILADASENS;4
Girona;17218;VILADEMULS;23
Girona;17220;VILADRAU;26
Girona;17221;VILAFANT;236
Girona;17223;VILAJUIGA;61
Girona;17224;VILALLONGA DE TER;8
Girona;17225;VILAMACOLUM;17
Girona;17226;VILAMALLA;49
Girona;17227;VILAMANISCLE;4
Girona;17228;VILANANT;9
Girona;17230;VILA-SACRA;24
Girona;17222;VILAuR;1
Girona;17233;VILOBI D'ONYAR;104
Girona;17232;VILOPRIU;5
Lleida;25001;ABELLA DE LA CONCA;9
Lleida;25002;AGER;16
Lleida;25003;AGRAMUNT;213
Lleida;25038;AITONA;193
Lleida;25004;ALAMUS, ELS;20
Lleida;25005;ALAS I CERC;8
Lleida;25006;ALBAGES, L';12
Lleida;25007;ALBATARREC;94
Lleida;25008;ALBESA;37
Lleida;25009;ALBI, L';27
Lleida;25010;ALCANO;8
Lleida;25011;ALCARRAS;688
Lleida;25012;ALCOLETGE;165
Lleida;25013;ALFARRAS;216
Lleida;25014;ALFES;11
Lleida;25015;ALGERRI;12
Lleida;25016;ALGUAIRE;147
Lleida;25017;ALINS;3
Lleida;25019;ALMACELLES;226
Lleida;25020;ALMATRET;7
Lleida;25021;ALMENAR;148
Lleida;25022;ALOS DE BALAGUER;2
Lleida;25023;ALPICAT;164
Lleida;25024;ALT ANEU;6
Lleida;25027;ANGLESOLA;56
Lleida;25029;ARBECA;72
Lleida;25031;ARRES; 
Lleida;25032;ARSEGUEL; 
Lleida;25033;ARTESA DE LLEIDA;50
Lleida;25034;ARTESA DE SEGRE;112
Lleida;25036;ASPA;2
Lleida;25037;AVELLANES I SANTA LINYA, LES;7
Lleida;25039;BAIX PALLARS;15
Lleida;25040;BALAGUER;1182
Lleida;25041;BARBENS;26
Lleida;25042;BARONIA DE RIALB, LA;3
Lleida;25044;BASSELLA;3
Lleida;25045;BAUSEN;2
Lleida;25046;BELIANES;16
Lleida;25170;BELLAGUARDA;1
Lleida;25047;BELLCAIRE D'URGELL;30
Lleida;25048;BELL-LLOC D'URGELL;87
Lleida;25049;BELLMUNT D'URGELL;3
Lleida;25050;BELLPUIG;234
Lleida;25051;BELLVER DE CERDANYA;49
Lleida;25052;BELLVIS;89
Lleida;25053;BENAVENT DE SEGRIA;43
Lleida;25055;BIOSCA;3
Lleida;25057;BORDES, ES;5
Lleida;25058;BORGES BLANQUES, LES;268
Lleida;25059;BOSSOST;21
Lleida;25056;BOVERA;4
Lleida;25060;CABANABONA;2
Lleida;25061;CABO;2
Lleida;25062;CAMARASA;25
Lleida;25063;CANEJAN;7
Lleida;25064;CASTELLAR DE LA RIBERA;2
Lleida;25067;CASTELLDANS;38
Lleida;25904;CASTELL DE MUR;5
Lleida;25068;CASTELLNOU DE SEANA;23
Lleida;25069;CASTELLO DE FARFANYA;24
Lleida;25070;CASTELLSERA;38
Lleida;25071;CAVA;1
Lleida;25072;CERVERA;406
Lleida;25073;CERVIA DE LES GARRIGUES;30
Lleida;25074;CIUTADILLA;4
Lleida;25075;CLARIANA DE CARDENER;5
Lleida;25076;COGUL, EL;3
Lleida;25077;COLL DE NARGO;13
Lleida;25163;COMA I LA PEDRA, LA;9
Lleida;25161;CONCA DE DALT;11
Lleida;25078;CORBINS;29
Lleida;25079;CUBELLS;7
Lleida;25081;ESPLUGA CALBA, L';6
Lleida;25082;ESPOT;6
Lleida;25088;ESTAMARIU;1
Lleida;25085;ESTARAS;1
Lleida;25086;ESTERRI D'ANEU;30
Lleida;25087;ESTERRI DE CARDOS;1
Lleida;25089;FARRERA;4
Lleida;25908;FIGOLS I ALINYA;5
Lleida;25092;FLORESTA, LA;6
Lleida;25093;FONDARELLA;21
Lleida;25094;FORADADA;4
Lleida;25096;FULIOLA, LA;73
Lleida;25097;FULLEDA;3
Lleida;25098;GAVET DE LA CONCA;5
Lleida;25912;GIMENELLS I EL PLA DE LA FONT;23
Lleida;25099;GOLMES;78
Lleida;25100;GOSOL;1
Lleida;25101;GRANADELLA, LA;13
Lleida;25102;GRANJA D'ESCARP, LA;30
Lleida;25103;GRANYANELLA;5
Lleida;25105;GRANYENA DE LES GARRIGUES;7
Lleida;25104;GRANYENA DE SEGARRA;3
Lleida;25109;GUIMERA;9
Lleida;25903;GUINGUETA D'ANEU, LA;10
Lleida;25110;GUISSONA;179
Lleida;25111;GUIXERS; 
Lleida;25115;ISONA I CONCA DELLA;34
Lleida;25112;IVARS DE NOGUERA;18
Lleida;25113;IVARS D'URGELL;34
Lleida;25114;IVORRA;3
Lleida;25910;JOSA I TUIXEN; 
Lleida;25118;JUNCOSA;6
Lleida;25119;JUNEDA;113
Lleida;25121;LES;23
Lleida;25122;LINYOLA;91
Lleida;25123;LLADORRE;6
Lleida;25124;LLADURS;1
Lleida;25125;LLARDECANS;3
Lleida;25126;LLAVORSI;9
Lleida;25120;LLEIDA;8331
Lleida;25127;LLES DE CERDANYA;4
Lleida;25128;LLIMIANA;5
Lleida;25129;LLOBERA;6
Lleida;25133;MAIALS;19
Lleida;25130;MALDA;11
Lleida;25131;MASSALCOREIG;11
Lleida;25132;MASSOTERES;5
Lleida;25134;MENARGUENS;36
Lleida;25135;MIRALCAMP;54
Lleida;25137;MOLLERUSSA;733
Lleida;25136;MOLSOSA, LA;1
Lleida;25139;MONTELLA I MARTINET;17
Lleida;25140;MONTFERRER I CASTELLBO;24
Lleida;25138;MONTGAI;7
Lleida;25142;MONTOLIU DE LLEIDA;8
Lleida;25141;MONTOLIU DE SEGARRA;2
Lleida;25143;MONTORNES DE SEGARRA;1
Lleida;25145;NALEC;1
Lleida;25025;NAUT ARAN;18
Lleida;25146;NAVES;5
Lleida;25148;ODEN;2
Lleida;25149;OLIANA;56
Lleida;25150;OLIOLA; 
Lleida;25151;OLIUS;21
Lleida;25152;OLUGES, LES;4
Lleida;25153;OMELLONS, ELS;8
Lleida;25154;OMELLS DE NA GAIA, ELS;3
Lleida;25155;ORGANYA;27
Lleida;25156;OS DE BALAGUER;23
Lleida;25157;OSSO DE SIO;9
Lleida;25158;PALAU D'ANGLESOLA, EL;71
Lleida;25164;PENELLES;14
Lleida;25165;PERAMOLA;5
Lleida;25166;PINELL DE SOLSONES;2
Lleida;25167;PINOS;4
Lleida;25911;PLANS DE SIO, ELS;14
Lleida;25168;POAL, EL;13
Lleida;25169;POBLA DE CERVOLES, LA;9
Lleida;25171;POBLA DE SEGUR, LA;135
Lleida;25030;PONT DE BAR, EL;11
Lleida;25173;PONT DE SUERT, EL;51
Lleida;25172;PONTS;112
Lleida;25174;PORTELLA, LA;47
Lleida;25175;PRATS I SANSOR;1
Lleida;25176;PREIXANA;8
Lleida;25177;PREIXENS;17
Lleida;25179;PRULLANS;6
Lleida;25180;PUIGGROS;11
Lleida;25181;PUIGVERD D'AGRAMUNT;10
Lleida;25182;PUIGVERD DE LLEIDA;52
Lleida;25183;RIALP;14
Lleida;25905;RIBERA D'ONDARA;5
Lleida;25185;RIBERA D'URGELLET;22
Lleida;25186;RINER;5
Lleida;25913;RIU DE CERDANYA; 
Lleida;25189;ROSSELLO;145
Lleida;25190;SALAS DE PALLARS;12
Lleida;25191;SANAuJA;10
Lleida;25196;SANT ESTEVE DE LA SARGA;2
Lleida;25192;SANT GUIM DE FREIXENET;27
Lleida;25197;SANT GUIM DE LA PLANA; 
Lleida;25193;SANT LLORENs DE MORUNYS;18
Lleida;25902;SANT MARTI DE RIUCORB;14
Lleida;25194;SANT RAMON;9
Lleida;25201;SARROCA DE BELLERA;4
Lleida;25200;SARROCA DE LLEIDA;5
Lleida;25202;SENTERADA;13
Lleida;25035;SENTIU DE SIO, LA;12
Lleida;25204;SEROS;89
Lleida;25203;SEU D'URGELL, LA;582
Lleida;25205;SIDAMON;16
Lleida;25206;SOLERAS, EL;4
Lleida;25207;SOLSONA;386
Lleida;25208;SORIGUERA;19
Lleida;25209;SORT;90
Lleida;25210;SOSES;103
Lleida;25211;SUDANELL;23
Lleida;25212;SUNYER;4
Lleida;25215;TALARN;19
Lleida;25216;TALAVERA; 
Lleida;25217;TARREGA;932
Lleida;25218;TARRES;4
Lleida;25219;TARROJA DE SEGARRA;4
Lleida;25220;TERMENS;36
Lleida;25221;TIRVIA;2
Lleida;25222;TIURANA;1
Lleida;25223;TORA;32
Lleida;25224;TORMS, ELS;3
Lleida;25225;TORNABOUS;30
Lleida;25226;TORREBESSES;7
Lleida;25227;TORRE DE CABDELLA, LA;24
Lleida;25228;TORREFARRERA;166
Lleida;25907;TORREFETA I FLOREJACS;13
Lleida;25230;TORREGROSSA;75
Lleida;25231;TORRELAMEU;23
Lleida;25232;TORRES DE SEGRE;204
Lleida;25233;TORRE-SERONA;9
Lleida;25234;TREMP;313
Lleida;25238;VALLBONA DE LES MONGES;6
Lleida;25043;VALL DE BOI, LA;13
Lleida;25901;VALL DE CARDOS;8
Lleida;25240;VALLFOGONA DE BALAGUER;56
Lleida;25906;VALLS D'AGUILAR, LES; 
Lleida;25239;VALLS DE VALIRA, LES;15
Lleida;25909;VANSA I FORNOLS, LA;9
Lleida;25242;VERDU;37
Lleida;25243;VIELHA E MIJARAN;127
Lleida;25244;VILAGRASSA;21
Lleida;25245;VILALLER;22
Lleida;25247;VILAMOS;8
Lleida;25248;VILANOVA DE BELLPUIG;30
Lleida;25254;VILANOVA DE LA BARCA;39
Lleida;25249;VILANOVA DE L'AGUDA; 
Lleida;25250;VILANOVA DE MEIA;8
Lleida;25251;VILANOVA DE SEGRIA;41
Lleida;25252;VILA-SANA;17
Lleida;25253;VILOSELL, EL;4
Lleida;25255;VINAIXA;16
Tarragona;43001;AIGUAMURCIA;55
Tarragona;43002;ALBINYANA;172
Tarragona;43003;ALBIOL, L';14
Tarragona;43004;ALCANAR;389
Tarragona;43005;ALCOVER;300
Tarragona;43904;ALDEA, L';200
Tarragona;43006;ALDOVER;35
Tarragona;43007;ALEIXAR, L';34
Tarragona;43008;ALFARA DE CARLES;19
Tarragona;43009;ALFORJA;98
Tarragona;43010;ALIO;21
Tarragona;43011;ALMOSTER;51
Tarragona;43012;ALTAFULLA;228
Tarragona;43013;AMETLLA DE MAR, L';377
Tarragona;43906;AMPOLLA, L';173
Tarragona;43014;AMPOSTA;1180
Tarragona;43016;ARBOs, L';380
Tarragona;43015;ARBOLI;4
Tarragona;43017;ARGENTERA, L';3
Tarragona;43018;ARNES;6
Tarragona;43019;ASCO;79
Tarragona;43020;BANYERES DEL PENEDES;206
Tarragona;43021;BARBERA DE LA CONCA;14
Tarragona;43022;BATEA;43
Tarragona;43023;BELLMUNT DEL PRIORAT;15
Tarragona;43024;BELLVEI;159
Tarragona;43025;BENIFALLET;29
Tarragona;43026;BENISSANET;38
Tarragona;43027;BISBAL DE FALSET, LA;6
Tarragona;43028;BISBAL DEL PENEDES, LA;263
Tarragona;43029;BLANCAFORT;7
Tarragona;43030;BONASTRE;54
Tarragona;43031;BORGES DEL CAMP, LES;104
Tarragona;43032;BOT;9
Tarragona;43033;BOTARELL;54
Tarragona;43034;BRAFIM;20
Tarragona;43035;CABACES;10
Tarragona;43036;CABRA DEL CAMP;92
Tarragona;43037;CALAFELL;1840
Tarragona;43903;CAMARLES;142
Tarragona;43038;CAMBRILS;2229
Tarragona;43907;CANONJA;311
Tarragona;43039;CAPAFONTS;3
Tarragona;43040;CAPsANES;14
Tarragona;43041;CASERES;7
Tarragona;43042;CASTELLVELL DEL CAMP;76
Tarragona;43043;CATLLAR, EL;184
Tarragona;43045;COLLDEJOU;9
Tarragona;43046;CONESA;3
Tarragona;43047;CONSTANTI;584
Tarragona;43048;CORBERA D'EBRE;26
Tarragona;43049;CORNUDELLA DE MONTSANT;31
Tarragona;43050;CREIXELL;256
Tarragona;43051;CUNIT;866
Tarragona;43901;DELTEBRE;721
Tarragona;43053;DUESAIGuES;12
Tarragona;43054;ESPLUGA DE FRANCOLI, L';145
Tarragona;43055;FALSET;142
Tarragona;43056;FATARELLA, LA;34
Tarragona;43057;FEBRO, LA;2
Tarragona;43058;FIGUERA, LA;8
Tarragona;43059;FIGUEROLA DEL CAMP;13
Tarragona;43060;FLIX;97
Tarragona;43061;FORES; 
Tarragona;43062;FREGINALS;15
Tarragona;43063;GALERA, LA;19
Tarragona;43064;GANDESA;135
Tarragona;43065;GARCIA;23
Tarragona;43066;GARIDELLS, ELS;9
Tarragona;43067;GINESTAR;24
Tarragona;43068;GODALL;25
Tarragona;43069;GRATALLOPS;11
Tarragona;43070;GUIAMETS, ELS;12
Tarragona;43071;HORTA DE SANT JOAN;33
Tarragona;43072;LLOAR, EL;5
Tarragona;43073;LLORAC;4
Tarragona;43074;LLORENs DEL PENEDES;136
Tarragona;43076;MARsA;30
Tarragona;43075;MARGALEF;1
Tarragona;43077;MAS DE BARBERANS;16
Tarragona;43078;MASDENVERGE;55
Tarragona;43079;MASLLORENs;27
Tarragona;43080;MASO, LA;5
Tarragona;43081;MASPUJOLS;38
Tarragona;43082;MASROIG, EL;12
Tarragona;43083;MILA, EL;6
Tarragona;43084;MIRAVET;25
Tarragona;43085;MOLAR, EL;7
Tarragona;43086;MONTBLANC;311
Tarragona;43088;MONTBRIO DEL CAMP;166
Tarragona;43089;MONTFERRI;24
Tarragona;43090;MONTMELL, EL;155
Tarragona;43091;MONT-RAL;9
Tarragona;43092;MONT-ROIG DEL CAMP;828
Tarragona;43093;MORA D'EBRE;348
Tarragona;43094;MORA LA NOVA;202
Tarragona;43095;MORELL, EL;197
Tarragona;43096;MORERA DE MONTSANT, LA;6
Tarragona;43097;NOU DE GAIA, LA;38
Tarragona;43098;NULLES;19
Tarragona;43100;PALLARESOS, ELS;182
Tarragona;43099;PALMA D'EBRE, LA;16
Tarragona;43101;PASSANANT I BELLTALL;6
Tarragona;43102;PAuLS;15
Tarragona;43103;PERAFORT;41
Tarragona;43104;PERELLO, EL;117
Tarragona;43105;PILES, LES;2
Tarragona;43106;PINELL DE BRAI, EL;37
Tarragona;43107;PIRA;12
Tarragona;43108;PLA DE SANTA MARIA, EL;139
Tarragona;43109;POBLA DE MAFUMET, LA;230
Tarragona;43110;POBLA DE MASSALUCA, LA;14
Tarragona;43111;POBLA DE MONTORNES, LA;186
Tarragona;43112;POBOLEDA;13
Tarragona;43113;PONT D'ARMENTERA, EL;20
Tarragona;43141;PONTILS;4
Tarragona;43114;PORRERA;11
Tarragona;43115;PRADELL DE LA TEIXETA;10
Tarragona;43116;PRADES;18
Tarragona;43117;PRAT DE COMTE;3
Tarragona;43118;PRATDIP;36
Tarragona;43119;PUIGPELAT;67
Tarragona;43120;QUEROL;49
Tarragona;43121;RASQUERA;25
Tarragona;43122;RENAU;2
Tarragona;43123;REUS;6991
Tarragona;43124;RIBA, LA;27
Tarragona;43125;RIBA-ROJA D'EBRE;48
Tarragona;43126;RIERA DE GAIA, LA;76
Tarragona;43127;RIUDECANYES;54
Tarragona;43128;RIUDECOLS;46
Tarragona;43129;RIUDOMS;324
Tarragona;43130;ROCAFORT DE QUERALT;7
Tarragona;43131;RODA DE BARA;398
Tarragona;43132;RODONYA;29
Tarragona;43133;ROQUETES;380
Tarragona;43134;ROURELL, EL;24
Tarragona;43135;SALOMO;18
Tarragona;43905;SALOU;1676
Tarragona;43138;SANTA BARBARA;173
Tarragona;43139;SANTA COLOMA DE QUERALT;107
Tarragona;43140;SANTA OLIVA;297
Tarragona;43136;SANT CARLES DE LA RAPITA;759
Tarragona;43137;SANT JAUME DELS DOMENYS;177
Tarragona;43902;SANT JAUME D'ENVEJA;176
Tarragona;43142;SARRAL;48
Tarragona;43143;SAVALLA DEL COMTAT;4
Tarragona;43144;SECUITA, LA;75
Tarragona;43145;SELVA DEL CAMP, LA;247
Tarragona;43146;SENAN;1
Tarragona;43044;SENIA, LA;345
Tarragona;43147;SOLIVELLA;16
Tarragona;43148;TARRAGONA;7878
Tarragona;43149;TIVENYS;35
Tarragona;43150;TIVISSA;65
Tarragona;43151;TORRE DE FONTAUBELLA, LA;6
Tarragona;43152;TORRE DE L'ESPANYOL, LA;24
Tarragona;43153;TORREDEMBARRA;1066
Tarragona;43154;TORROJA DEL PRIORAT;6
Tarragona;43155;TORTOSA;1904
Tarragona;43156;ULLDECONA;361
Tarragona;43157;ULLDEMOLINS;12
Tarragona;43158;VALLCLARA;5
Tarragona;43159;VALLFOGONA DE RIUCORB;1
Tarragona;43160;VALLMOLL;91
Tarragona;43161;VALLS;1528
Tarragona;43162;VANDELLOS I L'HOSPITALET DE L'INFANT;367
Tarragona;43163;VENDRELL, EL;2991
Tarragona;43164;VESPELLA DE GAIA;28
Tarragona;43165;VILABELLA;32
Tarragona;43175;VILALBA DELS ARCS;22
Tarragona;43166;VILALLONGA DEL CAMP;105
Tarragona;43168;VILANOVA DE PRADES;3
Tarragona;43167;VILANOVA D'ESCORNALBOU;33
Tarragona;43169;VILAPLANA;15
Tarragona;43170;VILA-RODONA;68
Tarragona;43171;VILA-SECA;1289
Tarragona;43172;VILAVERD;28
Tarragona;43173;VILELLA ALTA, LA;2
Tarragona;43174;VILELLA BAIXA, LA;10
Tarragona;43176;VIMBODi I POBLET;28
Tarragona;43177;VINEBRE;22
Tarragona;43178;VINYOLS I ELS ARCS;92
Tarragona;43052;XERTA;64
